gene,flag,template,new_start,start,mapq,cigar,annotation_new,annotation,length,functionality,causes,
TRAC*02_F_EX4UTR_511nt,16,chr10,22207016,22207016,255,511M,TRAC_EX4UTR,TRAC_EX4UTR,511,F,,
TRAC*01_F_EX3_108nt,16,chr10,22208184,22208184,255,108M,TRAC_EX3,TRAC_EX3,108,F,,
TRAC*01_F_EX2_45nt,16,chr10,22209609,22209609,255,45M,TRAC_EX2,TRAC_EX2,45,F,,
TRAC*01_F_EX1_273nt,16,chr10,22211672,22211672,255,273M,TRAC_EX1,TRAC_EX1,273,F,,
TRAJ1*01_F_J-REGION_62nt,16,chr10,22215315,22215315,255,62M,TRAJ1,TRAJ1,62,F,,
TRAJ2*01_F_J-REGION_66nt,16,chr10,22216282,22216282,255,66M,TRAJ2,TRAJ2,66,F,,
TRAJ3*01_F_J-REGION_59nt,16,chr10,22216828,22216828,255,59M,TRAJ3,TRAJ3,59,F,,
TRAJ4*01_F_J-REGION_63nt,16,chr10,22217798,22217798,255,63M,TRAJ4,TRAJ4,63,F,,
TRAJ5*01_F_J-REGION_60nt,16,chr10,22220987,22220987,255,60M,TRAJ5,TRAJ5,60,F,,
TRAJ6*01_F_J-REGION_62nt,16,chr10,22222175,22222175,255,62M,TRAJ6,TRAJ6,62,F,,
TRAJ7*01_F_J-REGION_56nt,16,chr10,22222756,22222756,255,56M,TRAJ7,TRAJ7,56,F,,
TRAJ8*01_F_J-REGION_60nt,16,chr10,22224301,22224301,39,60M,TRAJ8,TRAJ8,60,F,,
TRAJ9*01_F_J-REGION_61nt,16,chr10,22224890,22224890,255,61M,TRAJ9,TRAJ9,61,F,,
TRAJ10*02_F_J-REGION_60nt,16,chr10,22227088,22227088,39,60M,TRAJ10,TRAJ10,60,F,,
TRAJ11*01_F_J-REGION_63nt,16,chr10,22227547,22227547,255,63M,TRAJ11,TRAJ11,63,F,,
TRAJ12*02_F_J-REGION_60nt,16,chr10,22228558,22228558,255,60M,TRAJ12,TRAJ12,60,F,,
TRAJ13*01_F_J-REGION_60nt,16,chr10,22229119,22229119,255,60M,TRAJ13,TRAJ13,60,F,,
TRAJ14*01_P_J-REGION_61nt,16,chr10,22229977,22229977,255,61M,TRAJ14,TRAJ14,61,F,,
TRAJ15*01_P_J-REGION_57nt,16,chr10,22230694,22230694,255,57M,TRAJ15,TRAJ15,57,ORF,noncanonical J-NONAMER£¬ no FGXG,
TRAJ16*01_F_J-REGION_60nt,16,chr10,22231586,22231586,255,60M,TRAJ16,TRAJ16,60,F,,
TRAJ17*01_F_J-REGION_61nt,16,chr10,22232681,22232681,255,61M,TRAJ17,TRAJ17,61,F,,
TRAJ18*01_F_J-REGION_63nt,16,chr10,22234298,22234298,255,63M,TRAJ18,TRAJ18,63,F,,
TRAJ19*01_F_J-REGION_66nt,16,chr10,22235405,22235405,255,66M,TRAJ19,TRAJ19,66,F,,
TRAJ20*01_P_J-REGION_58nt,16,chr10,22235797,22235797,255,58M,TRAJ20,TRAJ20,58,P,no J-NONAMER,
TRAJ21*01_F_J-REGION_58nt,16,chr10,22236763,22236763,255,58M,TRAJ21,TRAJ21,58,F,,
TRAJ22*01_F_J-REGION_55nt,16,chr10,22237474,22237474,255,55M,TRAJ22,TRAJ22,55,F,,
TRAJ23*01_F_J-REGION_63nt,16,chr10,22238998,22238998,255,63M,TRAJ23,TRAJ23,63,F,,
TRAJ24*01_F_J-REGION_63nt,16,chr10,22240117,22240117,255,63M,TRAJ24,TRAJ24,63,F,,
TRAJ25*01_F_J-REGION_63nt,16,chr10,22240558,22240558,255,63M,TRAJ25,TRAJ25,63,F,,
TRAJ26*01_F_J-REGION_60nt,16,chr10,22241413,22241413,255,60M,TRAJ26,TRAJ26,60,F,,
TRAJ27*01_ORF_J-REGION_60nt,16,chr10,22241711,22241711,255,60M,TRAJ27,TRAJ27,60,ORF,noncanonical J-MOTIF; NO FGXG,
TRAJ28*01_F_J-REGION_59nt,16,chr10,22243879,22243879,255,59M,TRAJ28,TRAJ28,59,F,,
TRAJ29*01_F_J-REGION_66nt,16,chr10,22244527,22244527,255,66M,TRAJ29,TRAJ29,66,F,,
TRAJ30*01_F_J-REGION_60nt,16,chr10,22245518,22245518,255,60M,TRAJ30,TRAJ30,60,F,,
TRAJ31*01_F_J-REGION_59nt,16,chr10,22246581,22246581,255,59M,TRAJ31,TRAJ31,59,F,,
TRAJ32*02_F_J-REGION_58nt,16,chr10,22248675,22248675,255,58M,TRAJ32,TRAJ32,58,F,,
TRAJ33*01_F_J-REGION_66nt,16,chr10,22250480,22250480,255,66M,TRAJ33,TRAJ33,66,F,,
TRAJ34*01_F_J-REGION_57nt,16,chr10,22251224,22251224,255,57M,TRAJ34,TRAJ34,57,ORF,noncanonical J-MOTIF; NO FGXG,
TRAJ35*01_F_J-REGION_57nt,16,chr10,22251914,22251914,255,57M,TRAJ35,TRAJ35,57,F,,
TRAJ36*01_ORF_J-REGION_56nt,16,chr10,22252944,22252944,255,56M,TRAJ36,TRAJ36,56,ORF,noncanonical J-MOTIF; NO FGXG,
TRAJ37*01_F_J-REGION_61nt,16,chr10,22254413,22254413,255,61M,TRAJ37,TRAJ37,61,F,,
TRAJ38*02_F_J-REGION_62nt,16,chr10,22255125,22255125,255,62M,TRAJ38,TRAJ38,62,F,,
TRAJ39*01_F_J-REGION_62nt,16,chr10,22256628,22256628,255,62M,TRAJ39,TRAJ39,62,ORF,noncanonical J-MOTIF; NO FGXG,
TRAJ40*02_F_J-REGION_63nt,16,chr10,22257267,22257267,255,63M,TRAJ40,TRAJ40,63,F,,
TRAJ41*01_F_J-REGION_57nt,16,chr10,22259375,22259375,255,57M,TRAJ41,TRAJ41,57,F,,
TRAJ42*02_F_J-REGION_61nt,16,chr10,22261074,22261074,255,61M,TRAJ42,TRAJ42,61,F,,
TRAJ43*01_F_J-REGION_66nt,16,chr10,22261537,22261537,255,66M,TRAJ43,TRAJ43,66,F,,
TRAJ44*01_F_J-REGION_57nt,16,chr10,22262325,22262325,255,57M,TRAJ44,TRAJ44,57,F,,
TRAJ45*01_F_J-REGION_62nt,16,chr10,22263627,22263627,255,62M,TRAJ45,TRAJ45,62,F,,
TRAJ46*01_F_J-REGION_63nt,16,chr10,22264472,22264472,255,63M,TRAJ46,TRAJ46,63,F,,
TRAJ47*01_F_J-REGION_63nt,16,chr10,22264984,22264984,255,63M,TRAJ47,TRAJ47,63,F,,
TRAJ48*01_F_J-REGION_57nt,16,chr10,22265728,22265728,255,57M,TRAJ48,TRAJ48,57,F,,
TRAJ49*01_F_J-REGION_63nt,16,chr10,22267748,22267748,255,63M,TRAJ49,TRAJ49,63,F,,
TRAJ50*01_F_J-REGION_56nt,16,chr10,22268638,22268638,255,56M,TRAJ50,TRAJ50,56,F,,
TRAJ51*01_F_J-REGION_56nt,16,chr10,22269521,22269521,255,56M,TRAJ51,TRAJ51,56,F,,
TRAJ52*01_F_J-REGION_69nt,16,chr10,22271866,22271866,255,69M,TRAJ52,TRAJ52,69,F,,
TRAJ53*01_F_J-REGION_66nt,16,chr10,22275075,22275075,255,66M,TRAJ53,TRAJ53,66,F,,
TRAJ54*01_F_J-REGION_64nt,16,chr10,22275730,22275730,255,64M,TRAJ54,TRAJ54,64,F,,
TRAJ55*01_F_J-REGION_58nt,16,chr10,22278486,22278486,255,58M,TRAJ55,TRAJ55,58,F,,
TRAJ56*01_F_J-REGION_63nt,16,chr10,22279115,22279115,255,63M,TRAJ56,TRAJ56,63,F,,
TRAJ57*01_F_J-REGION_63nt,16,chr10,22280353,22280353,255,63M,TRAJ57,TRAJ57,63,F,,
TRAJ58*01_F_J-REGION_54nt,16,chr10,22281518,22281518,255,54M,TRAJ58,TRAJ58,54,F,,
TRAJ59*01_F_J-REGION_57nt,16,chr10,22281752,22281752,255,57M,TRAJ59,TRAJ59,57,F,,
TRAJ60*01_P_J-REGION_61nt,16,chr10,22282718,22282718,255,61M,TRAJ60,TRAJ60,61,P,STOP-CODON in J-REGION,
TRDV3*01_F_V-REGION_295nt,0,chr10,22291510,22291510,255,295M,TRDV3,TRDV3,295,F,,
TRDC*01_F_EX4UTR_900nt,16,chr10,22294191,22294191,255,900M,TRDC_EX4UTR,TRDC_EX4UTR,900,F,,
TRDC*01_F_EX3_114nt,16,chr10,22296501,22296501,255,114M,TRDC_EX3,TRDC_EX3,114,F,,
TRDC*01_F_EX2_75nt,16,chr10,22297022,22297022,255,75M,TRDC_EX2,TRDC_EX2,75,F,,
TRDC*01_F_EX1_279nt,16,chr10,22297686,22297686,255,279M,TRDC_EX1,TRDC_EX1,279,F,,
TRDJ3*01_F_J-REGION_59nt,16,chr10,22300569,22300569,255,59M,TRDJ3,TRDJ3,59,F,,
TRDJ2*01_ORF_J-REGION_52nt,16,chr10,22302930,22302930,255,52M,TRDJ2,TRDJ2,52,ORF,"noncanonical J-HEPTAMER, noncanonical J-MOTIF",
TRDJ4*01_F_J-REGION_49nt,16,chr10,22304340,22304340,255,49M,TRDJ4,TRDJ4,49,F,,
TRDJ1*01_F_J-REGION_54nt,16,chr10,22310690,22310690,255,54M,TRDJ1,TRDJ1,54,F,,
TRDD8*01_F_D-REGION_11nt,272,chr10,22311723,22311723,255,11M,TRDD9,TRDD9,11,F,,
TRDD7*01_F_D-REGION_9nt,272,chr10,22328835,22328835,255,9M,TRDD8,TRDD8,9,F,,
TRDD6*01_F_D-REGION_13nt,272,chr10,22337284,22337284,255,13M,TRDD7,TRDD7,13,F,,
TRDD5*01_F_D-REGION_15nt,16,chr10,22356881,22356881,1,15M,TRDD6,TRDD6,15,F,,
TRDD9*01_ORF_D-REGION_9nt,272,chr10,22367975,22367975,255,9M,TRDD5,TRDD5,9,ORF,noncaconical 3'D-RS,
TRDD4*01_F_D-REGION_15nt,16,chr10,22375689,22375689,36,15M,TRDD4,TRDD4,15,F,,
TRDD3*01_ORF_D-REGION_9nt,272,chr10,22385391,22385391,255,9M,TRDD3,TRDD3,9,ORF,noncocanical 3'D-RS,
TRDD2*01_F_D-REGION_13nt,272,chr10,22393190,22393190,255,13M,TRDD2,TRDD2,13,F,,
TRDD1*01_ORF_D-REGION_9nt,272,chr10,22405233,22405233,255,9M,TRDD1,TRDD1,9,ORF,noncocanical 3'D-RS,
TRDV2*01_F_V-REGION_291nt,16,chr10,22422883,22422883,255,291M,TRDV2,TRDV2,291,F,,
TRDV4*01_ORF_V-REGION_288nt,16,chr10,22449574,22449574,255,288M,TRDV4,TRDV4,288,ORF,noncanonical V-NONAMER,
TRAV46*01_P_V-REGION_267nt,16,chr10,22456581,22456581,255,267M,TRAV46,TRAV46,267,P,"STOP-CODON in V-REGION, noncanonical V-NONAMER",
TRDV5-1*01_F_V-REGION_282nt,272,chr10,22493338,22493338,255,282M,TRDV5-2,TRDV5-2,282,F,,
TRDV5-1*01_F_V-REGION_282nt,16,chr10,22527648,22527648,12,282M,TRDV5-1,TRDV5-1,282,F,,
TRAV41*01_F_V-REGION_271nt,16,chr10,22559530,22559530,255,271M,TRAV41,TRAV41,271,F,,
TRAV40*01_P_V-REGION_146nt,16,chr10,22563591,22563591,255,146M,TRAV40,TRAV40,146,P,truncated pseudogene,
TRAV39-2*01_ORF_V-REGION_277nt,16,chr10,22577287,22577287,21,277M,TRAV39-2,TRAV39-2,277,ORF,"no 1st-CYS, noncanonical V-HEPTAMER",
TRAV38-1*02_F_V-REGION_289nt,272,chr10,22589508,22589508,255,289M,TRAV38-8,TRAV38-8,289,F,,
TRAV38-5*01_F_V-REGION_286nt,16,chr10,22597499,22597499,34,286M,TRAV38-7,TRAV38-7,286,F,,
TRAV38-1*02_F_V-REGION_289nt,16,chr10,22604679,22604679,6,289M,TRAV38-6,TRAV38-6,289,F,,
TRAV37-1*01_P_V-REGION_263nt,272,chr10,22609984,22609984,255,263M,TRAV37-3,TRAV37-3,263,P,STOP-CODON in V-REGION,
TRAV36-2*01_F_V-REGION_277nt,16,chr10,22644158,22644158,34,277M,TRAV36-3,TRAV36-3,277,F,,
TRAV35-1*01_F_V-REGION_275nt,272,chr10,22651962,22651962,255,275M,TRAV35-3,TRAV35-3,275,F,,
TRAV34-2*01_P_V-REGION_275nt,272,chr10,22665478,22665478,255,275M,TRAV34-7,TRAV34-5,275,P,"frameshift in L-PART2, frameshifts in V-REGION",
TRAV33-3*02_F_V-REGION_288nt,16,chr10,22685219,22685219,6,288M,TRAV33-9,TRAV33-6,288,F,,
TRAV29-2*01_F_V-REGION_281nt,272,chr10,22688709,22688709,255,281M,TRAV29-6,TRAV29-4,281,F,,
TRAV28-1*01_F_V-REGION_271nt,272,chr10,22694999,22694999,255,271M,TRAV28-6,TRAV28-4,271,F,,
TRAV33-2*01_P_V-REGION_1174nt,272,chr10,22698704,22698704,255,216M3I955M,TRAV33-8,TRAV33-5,1177,P,STOP CODON IN V-REGION,
TRAV34-1*01_P_V-REGION_272nt,16,chr10,22709162,22709162,6,272M,TRAV34-6,TRAV34-4,272,P,"frameshift in L-PART2, frameshifts in V-REGION",
TRAV26*01_P_V-REGION_274nt,16,chr10,22712950,22712950,18,274M,TRAV26-3,TRAV26-2,274,P,"STOP-CODON in V-REGION, no V-NONAMER",
TRAV33-1*01_P_V-REGION_277nt,272,chr10,22732198,22732198,255,72M1D10M1D112M1I82M,TRAV33-7,TRAV33-4,278,P," no INIT-CODON, frameshifts in V-REGION",
TRAV29-1*01_ORF_V-REGION_280nt,16,chr10,22740475,22740475,0,280M,TRAV29-5,TRAV29-3,280,P,"noncanonical V-NONAMER, frameshift in L-PART2",
TRAV28-1*01_F_V-REGION_271nt,16,chr10,22748691,22748691,6,271M,TRAV28-5,TRAV28-3,271,F,,
TRAV27*01_P_V-REGION_275nt,272,chr10,22758623,22758623,255,9M3D266M,TRAV27-3,TRAV27-2,275,F,,
TRAV44-9*01_F_V-REGION_277nt,16,chr10,22776347,22776347,26,277M,TRAV44-32,TRAV44-29,277,F,,
TRAV25-8*01_F_V-REGION_274nt,16,chr10,22783946,22783946,12,274M,TRAV25-20,TRAV25-19,274,F,,
TRDV1-15*01_F_V-REGION_293nt,272,chr10,22794441,22794441,255,293M,TRDV1-59,TRDV1-52,293,F,,
TRAV22-7*02_F_V-REGION_264nt,16,chr10,22805920,22805920,32,264M,TRAV22-28,TRAV22-26,264,F,,
TRAV8-3*01_P_V-REGION_281nt,272,chr10,22806846,22806846,255,281M,TRAV8-11,TRAV8-9,281,P,"STOP CODON IN V-REGION, NO splice site",
TRDV1-14*01_F_V-REGION_296nt,16,chr10,22817535,22817535,36,296M,TRDV1-58,TRDV1-51,296,F,,
TRAV44-1*01_F_V-REGION_277nt,272,chr10,22827199,22827199,255,277M,TRAV44-31,TRAV44-28,277,P,STOP CODON IN V-REGION,
TRDV1-13*02_F_V-REGION_287nt,16,chr10,22834399,22834399,35,287M,TRDV1-57,TRDV1-50,287,F,,
TRAV25-5*01_P_V-REGION_274nt,16,chr10,22846533,22846533,36,274M,TRAV25-19,TRAV25-18,274,P,STOP CODON IN V-REGION,
TRAV24-4*01_F_V-REGION_277nt,272,chr10,22857472,22857472,255,277M,TRAV24-13,TRAV24-12,277,ORF,noncanonical DONOR-SPLICE,
TRDV1-12*01_F_V-REGION_287nt,16,chr10,22863509,22863509,17,287M,TRDV1-56,TRDV1-49,287,F,,
TRAV44-7*01_P_V-REGION_272nt,16,chr10,22875390,22875390,12,272M,TRAV44-30,TRAV44-27,272,P,stop codon in v-region,
TRAV23-8*01_P_V-REGION_280nt,272,chr10,22885388,22885388,255,280M,TRAV23-19,TRAV23-18,280,P,no L1,
TRAV22-13*01_P_V-REGION_270nt,272,chr10,22886585,22886585,255,270M,TRAV22-27,TRAV22-25,270,P,STOP CODON IN L-PART2,
TRAV44-1*01_F_V-REGION_277nt,272,chr10,22889595,22889595,255,277M,TRAV44-29,TRAV44-26,277,F,,
TRDV1-18*01_F_V-REGION_286nt,272,chr10,22903699,22903699,255,286M,TRDV1-55,TRDV1-48,286,F,,
TRAV25-4*01_F_V-REGION_273nt,16,chr10,22910047,22910047,34,273M,TRAV25-18,TRAV25-17,273,F,,
TRAV19-1*01_F_V-REGION_288nt,272,chr10,22919163,22919163,255,288M,TRAV19-5,TRAV19-5,288,F,,
TRAV45-9*01_P_V-REGION_284nt,16,chr10,22921342,22921342,6,284M,TRAV45-24,TRAV45-24,284,P,Frameshift in L-PART2,
TRAV45-4*01_F_V-REGION_284nt,272,chr10,22937602,22937602,255,284M,TRAV45-23,TRAV45-23,284,F,,
TRAV45-14*02_F_V-REGION_284nt,272,chr10,22943678,22943678,255,284M,TRAV45-22,TRAV45-22,284,F,,
TRAV45-14*02_F_V-REGION_284nt,272,chr10,22963911,22963911,255,284M,TRAV45-21,TRAV45-21,284,F,,
TRAV18-1*01_F_V-REGION_278nt,272,chr10,22968091,22968091,255,122M3D30M2I71M1I52M,TRAV18-6,TRAV18-6,278,P,STOP CODON IN V-REGION,
TRAV17-2*01_F_V-REGION_280nt,272,chr10,22979697,22979697,255,280M,TRAV17-4,TRAV17-4,280,F,,
TRAV43-1*01_F_V-REGION_271nt,16,chr10,22983908,22983908,34,271M,TRAV43-5,TRAV43-5,271,F,,
TRAV8-4*01_P_V-REGION_280nt,16,chr10,22987176,22987176,255,280M,TRAV8-10,TRAV8-8,280,P,STOP CODON IN V-REGION,
TRDV1-15*01_F_V-REGION_293nt,272,chr10,22993378,22993378,255,293M,TRDV1-54,TRDV1-47,293,F,,
TRAV22-11*01_F_V-REGION_270nt,16,chr10,23005008,23005008,21,270M,TRAV22-26,TRAV22-24,270,F,,
TRAV8-3*01_P_V-REGION_281nt,16,chr10,23005947,23005947,6,281M,TRAV8-9,TRAV8-7,281,P,STOP CODON IN V-REGION,
TRDV1-22*01_ORF_V-REGION_284nt,16,chr10,23016647,23016647,16,284M,TRDV1-53,TRDV1-46,284,ORF,deletions in V-REGION (imgt),
TRAV44-13*01_P_V-REGION_276nt,16,chr10,23026344,23026344,34,276M,TRAV44-28,TRAV44-25,276,P,STOP CODON IN V-REGION,
TRDV1-13*02_F_V-REGION_287nt,272,chr10,23044570,23044570,255,202M3D85M,TRDV1-52,TRDV1-45,290,F,,
TRAV25-3D*01_P_V-REGION_274nt,272,chr10,23051638,23051638,255,274M,TRAV25-17,TRAV25-16,274,P,STOP CODON IN V-REGION,
TRAV24-2*02_F_V-REGION_277nt,272,chr10,23060162,23060162,255,277M,TRAV24-12,TRAV24-11,277,F,,
TRDV1-20*01_P_V-REGION_150nt,16,chr10,23065371,23065371,6,150M,TRDV1-51,TRDV1-44,150,P,deletions in V-region,
TRAV44-12*01_P_V-REGION_268nt,16,chr10,23070748,23070748,38,268M,TRAV44-27,TRAV44-24,268,P,STOP CODON IN V-REGION,
TRAV23-8*01_P_V-REGION_280nt,16,chr10,23076911,23076911,1,280M,TRAV23-18,TRAV23-17,280,ORF,no heptamer,
TRAV22-10*01_ORF_V-REGION_246nt,16,chr10,23078110,23078110,27,246M,TRAV22-25,TRAV22-23,246,P,frameshift in L1,
TRAV44-11*01_P_V-REGION_281nt,16,chr10,23084595,23084595,34,281M,TRAV44-26,TRAV44-23,281,P,stop codon in V,
TRDV1-19*01_F_V-REGION_287nt,16,chr10,23093494,23093494,36,287M,TRDV1-50,TRDV1-43,287,F,,
TRAV25-10*01_P_V-REGION_273nt,16,chr10,23100152,23100152,22,273M,TRAV25-16,TRAV25-15,273,P,stop codon in V,
TRAV23-8*01_P_V-REGION_280nt,272,chr10,23102191,23102191,255,280M,TRAV23-17,TRAV23-16,280,ORF,no heptamer,
TRAV22-9*01_P_V-REGION_269nt,16,chr10,23103390,23103390,34,269M,TRAV22-24,TRAV22-22,269,P,STOP CODON IN V,
TRDV1-18*01_F_V-REGION_286nt,16,chr10,23113654,23113654,11,286M,TRDV1-49,TRDV1-42,286,F,,
TRAV25-9*01_P_V-REGION_274nt,16,chr10,23120558,23120558,17,274M,TRAV25-15,TRAV25-14,274,P,"frameshift in L2, stop codon in V",
TRAV44-10*01_F_V-REGION_277nt,16,chr10,23134344,23134344,11,277M,TRAV44-25,TRAV44-22,277,ORF,unexpected V-INTRON length,
TRDV1-17*02_ORF_V-REGION_260nt,16,chr10,23146002,23146002,255,260M,TRDV1-48,TRDV1-41,260,ORF,deletion in V (imgt),
TRAV23-7*02_P_V-REGION_276nt,16,chr10,23151199,23151199,21,276M,TRAV23-16,TRAV23-15,276,P,stop codons in V,
TRAV22-14*01_F_V-REGION_270nt,272,chr10,23166358,23166358,255,270M,TRAV22-23,TRAV22-21,270,F,,
TRAV24-3*01_P_V-REGION_878nt,16,chr10,23171008,23171008,255,878M,TRAV24-11,TRAV24-10,878,P,stop codons in V,
TRDV1-16*01_F_V-REGION_293nt,16,chr10,23181889,23181889,22,293M,TRDV1-47,TRDV1-40,293,F,,
TRAV23-6*01_P_V-REGION_311nt,16,chr10,23186601,23186601,14,210M3D7M1D94M,TRAV23-15,TRAV23-14,315,P,stop codons in V,
TRAV39-1*01_F_V-REGION_274nt,16,chr10,23197178,23197178,21,274M,TRAV39-1,TRAV39-1,274,F,,
TRAV38-1*02_F_V-REGION_289nt,272,chr10,23214848,23214848,255,289M,TRAV38-5,TRAV38-5,289,F,,
TRAV38-1*02_F_V-REGION_289nt,272,chr10,23222903,23222903,255,289M,TRAV38-4,TRAV38-4,289,F,,
TRAV38-1*02_F_V-REGION_289nt,272,chr10,23225777,23225777,255,289M,TRAV38-3,TRAV38-3,289,F,,
TRAV37-1*01_P_V-REGION_263nt,272,chr10,23230786,23230786,255,263M,TRAV37-2,TRAV37-2,263,P,stop codon in V,
TRAV36-1*01_P_V-REGION_268nt,16,chr10,23267144,23267144,6,268M,TRAV36-2,TRAV36-2,268,P,stop codon in V,
TRAV35-1*01_F_V-REGION_275nt,272,chr10,23274945,23274945,255,275M,TRAV35-2,TRAV35-2,275,F,,
TRAV34-2*01_P_V-REGION_275nt,16,chr10,23288249,23288249,1,275M,TRAV34-5,TRAV34-3,275,P,stop codon in V,pre gap1
TRAV34-2*01_P_V-REGION_275nt,272,chr10,23303195,,255,55M1D72M2D115M1I19M1I12M,TRAV34-4,,276,P,stop codon in V-region,
TRAV33-3*01_P_V-REGION_287nt,272,chr10,23322848,,255,13M1D12M2I132M1I127M,TRAV33-6,,285,P,stop codon in V-region,
TRAV29-2*02_F_V-REGION_281nt,272,chr10,23326315,,255,57M2D41M1I3M1I51M1I31M1D95M,TRAV29-4,,281,P,stop codon in V-region,
TRAV28-3*01_F_V-REGION_271nt,272,chr10,23332577,,255,62M1D4M1I2M2D136M3D1M1I64M,TRAV28-4,,275,P,stop codon in V-region,
TRAV33-2*02_P_V-REGION_1177nt,272,chr10,23336254,,255,71M6I139M5I29M3I141M15D69M2I25M1D129M1D15M1D196M1I42M1D28M2I57M1I35M1I180M,TRAV33-5,,1175,P,stop codon in V-region,
TRAV34-1*01_P_V-REGION_272nt,272,chr10,23346678,,255,62M1I7M1I62M1D107M1I31M,TRAV34-3,,270,P,stop codon in V-region,
TRAV26*02_P_V-REGION_277nt,272,chr10,23350428,,255,10M4D4M1I1M1I3M1I19M2D68M1D3M1D118M3I24M2D21M,TRAV26-2,,281,P,stop codon in V-region,
TRAV33-1*01_P_V-REGION_277nt,272,chr10,23369588,,255,7M1I40M1I23M1D10M1D9M1I5M1D68M1D28M2I45M3D4M2I2M1D29M,TRAV33-4,,278,P,No L1&L2,
TRAV29-1*01_ORF_V-REGION_280nt,16,chr10,23377848,,7,39M1D30M1D22M2D26M1D163M,TRAV29-3,,285,P,stop codon in V-region,
TRAV28-1*01_F_V-REGION_271nt,272,chr10,23386015,,255,258M1I12M,TRAV28-3,,270,P,stop codon in V-region,
TRAV27*01_P_V-REGION_275nt,272,chr10,23395906,,255,9M3D126M4I44M1I25M2D5M2I59M,TRAV27-2,,273,P,stop codon in V-region,
TRAV44-9*01_F_V-REGION_277nt,272,chr10,23413547,,255,92M2I20M5D47M1I115M,TRAV44-24,,279,P,stop codon in V-region,
TRAV25-8*01_F_V-REGION_274nt,272,chr10,23421141,,255,48M1D104M2I65M3I1M1I50M,TRAV25-14,,269,P,"stop codon in L1, no ACCEPTOR-SPLICE",
TRDV1-15*01_F_V-REGION_293nt,272,chr10,23431582,,255,16M2I12M1I40M1I13M1I11M1D196M,TRDV1-46,,289,P,frameshift in L1,
TRAV22-7*02_F_V-REGION_264nt,272,chr10,23443010,,255,65M3D86M2I31M2D54M1I25M,TRAV22-22,,266,P,stop codon in V-region,
TRAV8-3*01_P_V-REGION_281nt,272,chr10,23443931,,255,122M1I2M1I13M2I87M1I52M,TRAV8-8,,276,P,stop codon in V-region,
TRDV1-14*01_F_V-REGION_296nt,272,chr10,23454552,,255,24M1I5M1D80M1I185M,TRDV1-45,,295,P,stop codon in V-region,
TRAV38-1*02_F_V-REGION_289nt,272,chr10,23460016,23303507,255,289M,TRAV38-2,TRAV38-2,289,F,,post gap1
TRAV38-1*02_F_V-REGION_289nt,272,chr10,23462893,23306384,255,289M,TRAV38-1,TRAV38-1,289,F,,
TRAV37-1*01_P_V-REGION_263nt,272,chr10,23467877,23311368,255,263M,TRAV37-1,TRAV37-1,263,P,stop codon in V,
TRAV36-1*01_P_V-REGION_268nt,272,chr10,23504097,23347588,255,268M,TRAV36-1,TRAV36-1,268,P,stop codon in V,
TRAV35-1*01_F_V-REGION_275nt,16,chr10,23511898,23355389,1,275M,TRAV35-1,TRAV35-1,275,F,,
TRAV34-2*01_P_V-REGION_275nt,272,chr10,23525198,23368689,255,275M,TRAV34-2,TRAV34-2,275,P,"frameshift in L2, stop codon in V",
TRAV33-3*02_F_V-REGION_288nt,272,chr10,23544954,23388445,255,288M,TRAV33-3,TRAV33-3,288,F,,
TRAV29-2*01_F_V-REGION_281nt,272,chr10,23548492,23391983,255,281M,TRAV29-2,TRAV29-2,281,F,,
TRAV28-1*01_F_V-REGION_271nt,272,chr10,23554468,23397959,255,271M,TRAV28-2,TRAV28-2,271,F,,
TRAV33-2*01_P_V-REGION_1174nt,272,chr10,23558181,23401672,255,72M2I145M2D775M1D180M,TRAV33-2,TRAV33-2,1175,P,stop codons in V region,
TRAV34-1*01_P_V-REGION_272nt,272,chr10,23565634,23409125,255,272M,TRAV34-1,TRAV34-1,272,P,"framshift in L2, stop codons in V",
TRAV26*02_P_V-REGION_277nt,272,chr10,23568661,23412152,255,277M,TRAV26-1,TRAV26-1,277,P,stop codons in V,
TRAV33-1*01_P_V-REGION_277nt,16,chr10,23580058,23423549,6,277M,TRAV33-1,TRAV33-1,277,P,stop codons in V,
TRAV29-1*01_ORF_V-REGION_280nt,272,chr10,23588370,23431861,255,280M,TRAV29-1,TRAV29-1,280,F,,
TRAV28-1*01_F_V-REGION_271nt,272,chr10,23596593,23440084,255,271M,TRAV28-1,TRAV28-1,271,F,,
TRAV27*02_ORF_V-REGION_274nt,272,chr10,23606478,23449969,255,274M,TRAV27-1,TRAV27-1,274,F,,
TRAV44-15*01_ORF_V-REGION_277nt,272,chr10,23624168,23467659,255,277M,TRAV44-23,TRAV44-21,277,P,STOP CODON IN V,
TRAV25-6*01_P_V-REGION_272nt,16,chr10,23631763,23475254,30,272M,TRAV25-13,TRAV25-13,272,P,stop codons in v,
TRDV1-15*01_F_V-REGION_293nt,16,chr10,23642202,23485693,6,293M,TRDV1-44,TRDV1-39,293,F,,
TRAV22-7*02_F_V-REGION_264nt,272,chr10,23653915,23497406,255,264M,TRAV22-21,TRAV22-20,264,F,,
TRAV8-3*01_P_V-REGION_281nt,272,chr10,23654848,23498339,255,265M1I15M,TRAV8-7,TRAV8-6,280,P,stop codon in V,
TRDV1-3*01_F_V-REGION_281nt,272,chr10,23665866,23509357,255,281M,TRDV1-43,TRDV1-38,281,F,,
TRAV44-1*01_F_V-REGION_277nt,272,chr10,23692291,23535782,255,277M,TRAV44-22,TRAV44-20,277,F,,
TRAV25-2*01_P_V-REGION_273nt,16,chr10,23703278,23546769,0,273M,TRAV25-12,TRAV25-12,273,F,,
TRAV24-2*02_F_V-REGION_277nt,272,chr10,23709939,23553430,255,277M,TRAV24-10,TRAV24-9,277,F,,
TRDV1-24*01_F_V-REGION_287nt,272,chr10,23716000,23559491,255,154M1D133M,TRDV1-42,TRDV1-37,288,P,stop codon IN V,
TRAV44-1*01_F_V-REGION_277nt,272,chr10,23721316,23564807,255,277M,TRAV44-21,TRAV44-19,277,P,frameshift in L1,
TRAV23-8D*02_P_V-REGION_280nt,272,chr10,23731300,23574791,255,280M,TRAV23-14,TRAV23-13,280,ORF,no V-heptamer,
TRAV22-13*01_P_V-REGION_270nt,272,chr10,23732497,23575988,255,270M,TRAV22-20,TRAV22-19,270,P,stop codon in V,
TRAV44-1*01_F_V-REGION_277nt,272,chr10,23735506,23578997,255,277M,TRAV44-20,TRAV44-18,277,P,stop codon in V,
TRDV1-18*01_F_V-REGION_286nt,272,chr10,23745728,23589219,255,286M,TRDV1-41,TRDV1-36,286,F,,
TRAV25-8*01_F_V-REGION_274nt,272,chr10,23751996,23595487,255,274M,TRAV25-11,TRAV25-11,274,F,,
TRAV44-10*01_F_V-REGION_277nt,272,chr10,23758673,23602164,255,277M,TRAV44-19,TRAV44-17,277,ORF,unexpected V-INTRON length,
TRDV1-17*01_ORF_V-REGION_293nt,16,chr10,23769998,23613489,34,293M,TRDV1-40,TRDV1-35,293,ORF,insertions and deletions in V-REGION,
TRAV23-7*01_P_V-REGION_275nt,272,chr10,23775172,23618663,255,103M4I1M2I165M,TRAV23-13,TRAV23-12,269,P,stop codons in V,
TRAV22-14*01_F_V-REGION_270nt,272,chr10,23783745,23627236,255,270M,TRAV22-19,TRAV22-18,270,F,,
TRAV24-5*01_P_V-REGION_268nt,16,chr10,23789060,23632551,30,268M,TRAV24-9,TRAV24-8,268,P,stop codons in V,
TRDV1-16*01_F_V-REGION_293nt,272,chr10,23801516,23645007,255,293M,TRDV1-39,TRDV1-34,293,P,stop codons in V,
TRAV23-12*01_P_V-REGION_295nt,272,chr10,23806238,23649729,255,194M3I98M,TRAV23-12,TRAV23-11,292,P,"stop codons in V, frameshift in L2",
TRAV22-2*01_F_V-REGION_270nt,272,chr10,23811627,23655118,255,270M,TRAV22-18,TRAV22-17,270,F,,
TRAV24-1*01_P_V-REGION_277nt,272,chr10,23816247,23659738,255,277M,TRAV24-8,TRAV24-7,277,P,STOP CODON IN V,
TRDV1-2*01_F_V-REGION_293nt,272,chr10,23821900,23665391,255,4M5I284M,TRDV1-38,TRDV1-33,293,F,,
TRAV22-13*01_P_V-REGION_270nt,272,chr10,23827441,23670932,255,270M,TRAV22-17,TRAV22-16,270,F,,
TRAV44-1*01_F_V-REGION_277nt,272,chr10,23830499,23673990,255,277M,TRAV44-18,TRAV44-16,277,F,,
TRAV25-4*01_F_V-REGION_273nt,272,chr10,23840861,23684352,255,80M1D2M1I190M,TRAV25-10,TRAV25-10,273,F,,
TRDV1-33*01_F_V-REGION_293nt,272,chr10,23852997,23696488,255,293M,TRDV1-37,TRDV1-32,293,F,,
TRAV23-1*01_F_V-REGION_280nt,272,chr10,23859519,23703010,255,280M,TRAV23-11,TRAV23-10,280,F,,
TRAV22-1*01_F_V-REGION_270nt,272,chr10,23866927,23710418,255,270M,TRAV22-16,TRAV22-15,270,P,stop codon in V,
TRAV8-1*01_F_V-REGION_284nt,272,chr10,23871348,23714839,255,284M,TRAV8-6,TRAV8-5,284,F,,
TRAV21-4*01_F_V-REGION_279nt,272,chr10,23874853,23718344,255,279M,TRAV21-2,TRAV21-2,279,F,,
TRAV20-1*01_F_V-REGION_268nt,272,chr10,23882884,23726375,255,268M,TRAV20-3,TRAV20-3,268,F,,
TRAV19-1*01_F_V-REGION_288nt,272,chr10,23891142,23734633,255,288M,TRAV19-4,TRAV19-4,288,F,,
TRAV45-14*02_F_V-REGION_284nt,272,chr10,23893317,23736808,255,284M,TRAV45-20,TRAV45-20,284,F,,
TRAV45-14*02_F_V-REGION_284nt,272,chr10,23909757,23753248,255,284M,TRAV45-19,TRAV45-19,284,F,,
TRAV45-15*01_F_V-REGION_284nt,272,chr10,23915103,23758594,255,284M,TRAV45-18,TRAV45-18,284,F,,
TRAV45-3*01_F_V-REGION_284nt,16,chr10,23920792,23764283,6,284M,TRAV45-17,TRAV45-17,284,F,,
TRAV18-3*01_P_V-REGION_277nt,16,chr10,23925327,23768818,30,277M,TRAV18-5,TRAV18-5,277,F,,
TRAV17-2*01_F_V-REGION_280nt,16,chr10,23936614,23780105,12,280M,TRAV17-3,TRAV17-3,280,F,,
TRAV16*01_F_V-REGION_272nt,272,chr10,23943616,23787107,255,272M,TRAV16-2,TRAV16-2,272,F,,
TRAV12-1*01_F_V-REGION_277nt,272,chr10,23956324,23799815,255,277M,TRAV12-6,TRAV12-6,277,F,,
TRAV11-1*01_P_V-REGION_279nt,272,chr10,23967781,23811272,255,279M,TRAV11-6,TRAV11-6,279,P,no init codon,
TRAV10-3*01_ORF_V-REGION_280nt,272,chr10,23969293,23812784,255,280M,TRAV10-6,TRAV10-6,280,ORF,no V-HEPTAMER,
TRAV9-2*01_P_V-REGION_280nt,272,chr10,23976969,23820460,255,100M1D180M,TRAV9-13,TRAV9-13,281,P,stop codon in V,
TRAV14-1*01_F_V-REGION_290nt,272,chr10,23986507,23829998,255,290M,TRAV14-9,TRAV14-9,290,P,STOP CODON IN V,
TRAV13-3*02_P_V-REGION_278nt,272,chr10,23990238,23833729,255,223M2D55M,TRAV13-9,TRAV13-9,280,F,,
TRAV43-1*01_F_V-REGION_271nt,272,chr10,23994647,23838138,255,271M,TRAV43-4,TRAV43-4,271,F,,
TRAV9-3*01_F_V-REGION_281nt,272,chr10,23999795,23843286,255,281M,TRAV9-12,TRAV9-12,281,F,,
TRAV14-4*01_ORF_V-REGION_290nt,272,chr10,24018719,23862210,255,238M4I48M,TRAV14-8,TRAV14-8,286,P,STOP CODONS IN V,
TRAV13-4*01_F_V-REGION_277nt,272,chr10,24023994,23867485,255,277M,TRAV13-8,TRAV13-8,277,F,,
TRAV9-1*01_F_V-REGION_281nt,272,chr10,24028385,23871876,255,281M,TRAV9-11,TRAV9-11,281,F,,
TRAV5*01_F_V-REGION_280nt,272,chr10,24072339,23915830,255,280M,TRAV5-4,TRAV5-3,280,F,,
TRAV4*01_P_V-REGION_277nt,272,chr10,24083485,23926976,255,277M,TRAV4-4,TRAV4-3,277,P,NO L-PART1,
TRDV1-15*01_F_V-REGION_293nt,272,chr10,24092271,23935762,255,293M,TRDV1-36,TRDV1-31,293,F,,
TRAV22-11*01_F_V-REGION_270nt,272,chr10,24104065,23947556,255,270M,TRAV22-15,TRAV22-14,270,P,STOP CODON IN V,
TRAV8-3*01_P_V-REGION_281nt,272,chr10,24105003,23948494,255,220M1I60M,TRAV8-5,TRAV8-4,280,P,"no ACCEPTOR-SPLICE, frameshifts in V-REGION",
TRDV1-3*01_F_V-REGION_281nt,272,chr10,24116121,23959612,255,188M6D93M,TRDV1-35,TRDV1-30,287,F,,
TRAV44-1*01_F_V-REGION_277nt,272,chr10,24126022,23969513,255,277M,TRAV44-17,TRAV44-15,277,F,,
TRDV1-13*02_F_V-REGION_287nt,272,chr10,24132775,23976266,255,287M,TRDV1-34,TRDV1-29,287,F,,
TRAV25-12*02_P_V-REGION_273nt,272,chr10,24138897,23982388,255,102M3I3M1I164M,TRAV25-9,TRAV25-9,269,P,STOP CODON IN V,
TRAV24-1*01_P_V-REGION_277nt,272,chr10,24145263,23988754,255,277M,TRAV24-7,TRAV24-6,277,P,STOP CODON IN V,
TRDV1-24*01_F_V-REGION_287nt,272,chr10,24151104,23994595,255,287M,TRDV1-33,TRDV1-28,287,F,,
TRAV44-14*01_P_V-REGION_276nt,16,chr10,24156499,23999990,21,276M,TRAV44-16,TRAV44-14,276,P,STOP CODONS IN V,
TRDV1-25*01_F_V-REGION_287nt,16,chr10,24163957,24007448,255,287M,TRDV1-32,TRDV1-27,287,F,,
TRAV44-1*01_F_V-REGION_277nt,272,chr10,24174461,24017952,255,277M,TRAV44-15,TRAV44-13,277,ORF,noncanonical V-HEPTAMER; noncanonical V-NONAMER,
TRAV23-5*01_P_V-REGION_279nt,272,chr10,24184421,24027912,255,95M1I183M,TRAV23-10,TRAV23-9,278,P,STOP-CODON in V-REGION,
TRAV22-16*01_F_V-REGION_270nt,272,chr10,24185616,24029107,255,270M,TRAV22-14,TRAV22-13,270,F,,
TRAV44-1*01_F_V-REGION_277nt,272,chr10,24188625,24032116,255,277M,TRAV44-14,TRAV44-12,277,F,,
TRDV1-18*01_F_V-REGION_286nt,272,chr10,24198626,24042117,255,286M,TRDV1-31,TRDV1-26,287,F,,
TRAV25-4*01_F_V-REGION_273nt,272,chr10,24205054,24048545,255,273M,TRAV25-8,TRAV25-8,273,P,STOP-CODON in V-REGION; frameshift in L-PART1,
TRAV24-1*01_P_V-REGION_277nt,272,chr10,24209103,24052594,255,277M,TRAV24-6,TRAV24-5,277,P,frameshift in L-PART1,
TRDV1S37*01_F_V-REGION_287nt,16,chr10,24215319,24058810,12,287M,TRDV1-30,TRDV1-25,287,F,,
TRAV44-1*01_F_V-REGION_277nt,272,chr10,24231694,24075185,255,277M,TRAV44-13,TRAV44-11,277,P,frameshift in L-PART2,
TRAV20-1*01_F_V-REGION_268nt,272,chr10,24244147,24087638,255,268M,TRAV20-2,TRAV20-2,268,ORF,no 2nd-CYS,
TRAV19-1*01_F_V-REGION_288nt,272,chr10,24252387,24095878,255,288M,TRAV19-3,TRAV19-3,288,P,STOP-CODON in V-REGION,
TRAV45-14*02_F_V-REGION_284nt,272,chr10,24254592,24098083,255,284M,TRAV45-16,TRAV45-16,284,F,two L-PART2 donor sites,
TRAV45-15*01_F_V-REGION_284nt,272,chr10,24261322,24104813,255,284M,TRAV45-15,TRAV45-15,284,F,,
TRAV45-3*01_F_V-REGION_284nt,272,chr10,24267245,24110736,255,284M,TRAV45-14,TRAV45-14,284,F,,
TRAV45-14*02_F_V-REGION_284nt,272,chr10,24284820,24128311,255,284M,TRAV45-13,TRAV45-13,284,F,,
TRAV18-5*01_ORF_V-REGION_281nt,272,chr10,24288969,24132460,255,281M,TRAV18-4,TRAV18-4,281,ORF,noncanonical HEPTAMER,
TRAV12-2*02_F_V-REGION_278nt,272,chr10,24305837,24149328,255,278M,TRAV12-5,TRAV12-5,278,F,,
TRAV11-1*01_P_V-REGION_279nt,272,chr10,24315659,24159150,255,70M2I207M,TRAV11-5,TRAV11-5,277,P,STOP-CODON in V-REGION; no RSS signal; L-PART1 not found,
TRAV10-3*01_ORF_V-REGION_280nt,272,chr10,24317180,24160671,255,280M,TRAV10-5,TRAV10-5,280,F,1st-CYS in 19; L1 is 61bp length and found by manual positioning,
TRAV9-2*01_P_V-REGION_280nt,272,chr10,24322224,24165715,255,280M,TRAV9-10,TRAV9-10,280,P,STOP-CODON in V-REGION; noncanonical V-NONAMER; no L-PART1 found,
TRAV14-1*01_F_V-REGION_290nt,272,chr10,24331820,24175311,255,290M,TRAV14-7,TRAV14-7,290,F,,
TRAV13-3*02_P_V-REGION_278nt,272,chr10,24335525,24179016,255,223M2D55M,TRAV13-7,TRAV13-7,280,F,,
TRAV43-1*01_F_V-REGION_271nt,272,chr10,24339912,24183403,255,271M,TRAV43-3,TRAV43-3,271,F,,
TRAV9-3*01_F_V-REGION_281nt,272,chr10,24345044,24188535,255,281M,TRAV9-9,TRAV9-9,281,P,frameshift in L-PART1 (deletion),
TRAV14-4*01_ORF_V-REGION_290nt,272,chr10,24362590,24206081,255,290M,TRAV14-6,TRAV14-6,290,P,STOP-CODON in V-REGION; unexpected INTRON length,
TRAV13-4*01_F_V-REGION_277nt,16,chr10,24367933,24211424,1,277M,TRAV13-6,TRAV13-6,277,F,1st-CYS in 22,
TRAV9-1*01_F_V-REGION_281nt,272,chr10,24371578,24215069,255,281M,TRAV9-8,TRAV9-8,281,F,,
TRAV6*01_P_V-REGION_277nt,272,chr10,24379419,24222910,255,277M,TRAV6-3,TRAV6-2,277,P,several STOP-CODON in V-REGION,
TRAV5*01_F_V-REGION_280nt,272,chr10,24388572,24232063,255,280M,TRAV5-3,TRAV5-2,280,F,,
TRAV4*01_P_V-REGION_277nt,272,chr10,24407858,24251349,255,277M,TRAV4-3,TRAV4-2,277,P,frameshift in L-PART1 (putated); noncanonical NONAMER,
TRDV1-15*01_F_V-REGION_293nt,272,chr10,24415343,24258834,255,293M,TRDV1-29,TRDV1-24,293,F,,
TRAV22-7*01_P_V-REGION_260nt,272,chr10,24426816,24270307,255,160M1D100M,TRAV22-13,TRAV22-12,261,F,,
TRAV8-3*01_P_V-REGION_281nt,272,chr10,24427745,24271236,255,281M,TRAV8-4,TRAV8-3,281,P,frameshift in V-REGION; V-RS not found; L not found,
TRDV1-14*01_F_V-REGION_296nt,272,chr10,24438489,24281980,255,183M4I4M5I100M,TRDV1-28,TRDV1-23,287,F,,
TRAV44-1*01_F_V-REGION_277nt,272,chr10,24469085,24312576,255,277M,TRAV44-12,TRAV44-10,277,F,1st-CYS in 22,
TRDV1-13*01_F_V-REGION_287nt,272,chr10,24477712,24321203,255,287M,TRDV1-27,TRDV1-22,287,F,,
TRAV25-12*02_P_V-REGION_273nt,272,chr10,24483711,24327202,255,273M,TRAV25-7,TRAV25-7,273,F,,
TRAV24-2*02_F_V-REGION_277nt,272,chr10,24490530,24334021,255,277M,TRAV24-5,TRAV24-4,277,F,,
TRDV1-20*01_P_V-REGION_150nt,272,chr10,24496471,24339962,255,32M1I117M,TRDV1-26,TRDV1-21,150,P,STOP-CODON in V-REGION; shorter V-SEGMENT,
TRAV44-5*01_P_V-REGION_277nt,272,chr10,24501508,24344999,255,277M,TRAV44-11,TRAV44-9,277,P,STOP-CODON in V-REGION; unexpected INTRON length; noncanonical NONAMER,
TRDV1-8*01_F_V-REGION_287nt,272,chr10,24510182,24353673,255,287M,TRDV1-25,TRDV1-20,287,F,,
TRAV23-4*01_P_V-REGION_177nt,272,chr10,24514978,24358469,255,177M,TRAV23-9,TRAV23-8,177,P,STOP-CODON in V-REGION; frameshift in V-REGION,
TRAV44-10*01_F_V-REGION_277nt,272,chr10,24521549,24365040,255,277M,TRAV44-10,TRAV44-8,277,ORF,unexpected INTRON length,
TRDV1S22*01_ORF_V-REGION_260nt,272,chr10,24535760,24379251,255,260M,TRDV1-24,TRDV1-19,260,F,,
TRDV1-7*01_F_V-REGION_292nt,272,chr10,24552768,24396259,255,292M,TRDV1-23,TRDV1-18,292,F,,
TRAV22-5*01_P_V-REGION_186nt,272,chr10,24564015,24407506,255,186M,TRAV22-12,TRAV22-11,186,P,no INIT-CODON; frameshift in L-PART1; deletions in V-REGION; no V-RS,
TRDV1-6*01_P_V-REGION_293nt,272,chr10,24569337,24412828,255,293M,TRDV1-22,TRDV1-17,293,P,STOP-CODON in V-REGION,
TRAV23-8*01_P_V-REGION_280nt,272,chr10,24578911,24422402,255,280M,TRAV23-8,TRAV23-7,280,P,STOP-CODON in V-REGION; no V-RS; no L,
TRAV22-16*01_F_V-REGION_270nt,272,chr10,24581365,24424856,255,270M,TRAV22-11,TRAV22-10,270,F,,
TRAV44-1*01_F_V-REGION_277nt,272,chr10,24584364,24427855,255,277M,TRAV44-9,TRAV44-7,277,F,1st-CYS in 22,
TRDV1-18*01_F_V-REGION_286nt,272,chr10,24593006,24436497,255,286M,TRDV1-21,TRDV1-16,287,F,,
TRAV25-8*01_F_V-REGION_274nt,272,chr10,24599356,24442847,255,274M,TRAV25-6,TRAV25-6,274,F,,
TRDV1-2*01_F_V-REGION_293nt,272,chr10,24609977,24453468,255,254M1I38M,TRDV1-20,TRDV1-15,292,P,STOP-CODON in V-REGION,
TRAV22-16*01_F_V-REGION_270nt,272,chr10,24615502,24458993,255,270M,TRAV22-10,TRAV22-9,270,F,,
TRAV44-1*01_F_V-REGION_277nt,272,chr10,24618556,24462047,255,277M,TRAV44-8,TRAV44-6,277,F,,
TRAV25-14*01_ORF_V-REGION_273nt,272,chr10,24631799,24475290,255,184M1I6M1D82M,TRAV25-5,TRAV25-5,273,ORF,unexpected INTRON length,
TRDV1-33*02_F_V-REGION_293nt,272,chr10,24638915,24482406,255,293M,TRDV1-19,TRDV1-14,293,F,,
TRAV23-1*01_F_V-REGION_280nt,272,chr10,24644990,24488481,255,280M,TRAV23-7,TRAV23-6,280,P,STOP-CODON in V-REGION,
TRAV45-14*02_F_V-REGION_284nt,272,chr10,24666223,24509714,255,284M,TRAV45-12,TRAV45-12,284,F,,
TRAV45-14*02_F_V-REGION_284nt,16,chr10,24678545,24522036,7,284M,TRAV45-11,TRAV45-11,284,F,,
TRAV45-15*01_F_V-REGION_284nt,272,chr10,24684559,24528050,255,284M,TRAV45-10,TRAV45-10,284,F,,
TRAV18-5*01_ORF_V-REGION_281nt,272,chr10,24690044,24533535,255,281M,TRAV18-3,TRAV18-3,281,ORF,noncanonical DONOR-SPLICE,
TRAV17-1*01_P_V-REGION_277nt,272,chr10,24701367,24544858,255,200M3D77M,TRAV17-2,TRAV17-2,278,P,STOP-CODON in L-PART1; start position +2,
TRAV12-2*02_F_V-REGION_278nt,272,chr10,24711389,24554880,255,278M,TRAV12-4,TRAV12-4,278,F,,
TRAV11-1*01_P_V-REGION_279nt,272,chr10,24721019,24564510,255,279M,TRAV11-4,TRAV11-4,279,P,STOP-CODON in V-REGION; V-RS not found; L-PART1 not found,
TRAV10-3*01_ORF_V-REGION_280nt,16,chr10,24722527,24566018,30,280M,TRAV10-4,TRAV10-4,280,ORF,no 1st-CYS; V-SPACER 21bp,
TRAV9-4*01_P_V-REGION_270nt,16,chr10,24727632,24571123,6,270M,TRAV9-7,TRAV9-7,270,P,STOP-CODON in V-REGION; no DONOR SPLICE site,
TRAV14-1*01_F_V-REGION_290nt,272,chr10,24735837,24579328,255,290M,TRAV14-5,TRAV14-5,290,F,,
TRAV13-3*02_P_V-REGION_278nt,272,chr10,24739624,24583115,255,278M,TRAV13-5,TRAV13-5,278,P,STOP-CODON in V-REGION,
TRAV43-1*01_F_V-REGION_271nt,272,chr10,24741324,24584815,255,271M,TRAV43-2,TRAV43-2,271,F,,
TRAV9-3*01_F_V-REGION_281nt,272,chr10,24746457,24589948,255,281M,TRAV9-6,TRAV9-6,281,F,,
TRAV14-4*02_ORF_V-REGION_290nt,272,chr10,24763739,24607230,255,290M,TRAV14-4,TRAV14-4,290,ORF,unexpected INTRON length,
TRAV13-4*01_F_V-REGION_277nt,272,chr10,24769136,24612627,255,277M,TRAV13-4,TRAV13-4,277,F,1st-CYS in 22,
TRAV9-1*01_F_V-REGION_281nt,272,chr10,24773685,24617176,255,281M,TRAV9-5,TRAV9-5,281,F,,
TRAV6*02_P_V-REGION_277nt,272,chr10,24781509,24625000,255,277M,TRAV6-2,TRAV6-1,277,P,STOP-CODON in V-REGION; noncanonical HEPTAMER,
TRAV5*03_F_V-REGION_280nt,272,chr10,24790669,24634160,255,280M,TRAV5-2,TRAV5-1,280,F,,
TRDV1-10*01_F_V-REGION_290nt,16,chr10,24804606,24648097,30,290M,TRDV1-18,TRDV1-13,290,F,,
TRAV25-8*01_F_V-REGION_274nt,272,chr10,24811644,24655135,255,274M,TRAV25-4,TRAV25-4,274,P,STOP-CODON in V-REGION,
TRAV24-6*01_P_V-REGION_277nt,272,chr10,24818028,24661519,255,277M,TRAV24-4,TRAV24-3,277,P,STOP-CODON in V-REGION,
TRDV1-24*01_F_V-REGION_287nt,16,chr10,24824120,24667611,17,287M,TRDV1-17,TRDV1-12,287,F,,
TRAV44-1*01_F_V-REGION_277nt,272,chr10,24829306,24672797,255,277M,TRAV44-7,TRAV44-5,277,ORF,unexpected INTRON length; noncanonical NONAMER,
TRDV1-8*01_F_V-REGION_287nt,16,chr10,24836736,24680227,30,287M,TRDV1-16,TRDV1-11,287,F,,
TRAV23-4*01_P_V-REGION_177nt,16,chr10,24841526,24685017,31,177M,TRAV23-6,TRAV23-5,177,P,STOP-CODON in V-REGION; no V-RS,
TRAV44-15*01_ORF_V-REGION_277nt,272,chr10,24850920,24694411,255,277M,TRAV44-6,TRAV44-4,277,ORF,unexpected INTRON length,
TRDV1-7*01_F_V-REGION_292nt,16,chr10,24876014,24719505,32,292M,TRDV1-15,TRDV1-10,292,F,,
TRAV23-3*01_P_V-REGION_280nt,16,chr10,24881092,24724583,255,280M,TRAV23-5,TRAV23-4,280,P,STOP-CODON in V-REGION; L not found,
TRAV22-5*01_P_V-REGION_186nt,16,chr10,24886280,24729771,30,186M,TRAV22-9,TRAV22-8,186,P,no INIT-CODON; no V-RS,
TRDV1-28*01_P_V-REGION_293nt,272,chr10,24891597,24735088,255,293M,TRDV1-14,TRDV1-9,293,P,STOP-CODON in V-REGION; frameshift in V-REGION,
TRAV23-8*01_P_V-REGION_280nt,272,chr10,24900782,24744273,255,280M,TRAV23-4,TRAV23-3,280,P,STOP-CODON in V-REGION; no V-RS; no L-PART,
TRAV22-16*01_F_V-REGION_270nt,272,chr10,24901967,24745458,255,270M,TRAV22-8,TRAV22-7,270,F,,
TRDV1-18*01_F_V-REGION_286nt,272,chr10,24914178,24757669,255,286M,TRDV1-13,TRDV1-8,286,F,,
TRAV25-2*01_P_V-REGION_273nt,272,chr10,24920512,24764003,255,273M,TRAV25-3,TRAV25-3,273,F,,
TRAV19-1*01_F_V-REGION_288nt,272,chr10,24929656,24773147,255,88M1D200M,TRAV19-2,TRAV19-2,289,F,,
TRAV45-10*01_ORF_V-REGION_281nt,272,chr10,24931867,24775358,255,281M,TRAV45-9,TRAV45-9,281,F,,
TRAV45-15*01_F_V-REGION_284nt,272,chr10,24938791,24782282,255,284M,TRAV45-8,TRAV45-8,284,F,,
TRAV45-4*01_F_V-REGION_284nt,272,chr10,24950647,24794138,255,284M,TRAV45-7,TRAV45-7,284,F,,
TRAV18-4*01_F_V-REGION_281nt,16,chr10,24952663,24796154,6,281M,TRAV18-2,TRAV18-2,281,F,,
TRAV12-2*02_F_V-REGION_278nt,272,chr10,24973603,24817094,255,278M,TRAV12-3,TRAV12-3,278,F,,
TRAV11-2*01_P_V-REGION_924nt,16,chr10,24986011,24829502,6,767M1D157M,TRAV11-3,TRAV11-3,925,P,STOP-CODON in V-REGION,
TRAV10-3*01_ORF_V-REGION_280nt,272,chr10,24988174,24831665,255,280M,TRAV10-3,TRAV10-3,280,P,non INIT-CODON,
TRAV9-2*01_P_V-REGION_280nt,272,chr10,24993212,24836703,255,280M,TRAV9-4,TRAV9-4,280,P,STOP-CODON in V-REGION,
TRAV14-1*01_F_V-REGION_290nt,272,chr10,25001478,24844969,255,290M,TRAV14-3,TRAV14-3,290,F,,
TRAV13-3*02_P_V-REGION_278nt,272,chr10,25005725,24849216,255,223M2D55M,TRAV13-3,TRAV13-3,280,F,,pre gap2
TRAV23-4*01_P_V-REGION_177nt,256,chr10,25011487,,255,12M1I3M1D153M2I6M,TRAV23-3,,177,P,stop codon in v-region,
TRDV1-8*01_F_V-REGION_287nt,256,chr10,25016133,,255,58M2I106M3I118M,TRDV1-12,,282,P,stop codon in v-region,
TRAV44-15*01_ORF_V-REGION_277nt,256,chr10,25024768,,255,277M,TRAV44-5,,277,P,stop codon in v-region,
TRDV1-24*01_F_V-REGION_287nt,256,chr10,25029915,,255,117M1I72M1I96M,TRDV1-11,,285,P,stop codon in v-region,
TRAV24-2*02_F_V-REGION_277nt,256,chr10,25035673,,255,127M1I149M,TRAV24-3,,276,P,stop codon in v-region,
TRDV1-13*01_F_V-REGION_287nt,256,chr10,25048295,,255,202M3I13M2I67M,TRDV1-10,,282,F,,
TRAV44-1*01_F_V-REGION_277nt,256,chr10,25056884,,255,14M1I50M2D212M,TRAV44-4,,278,P,stop codon in v-region,
TRDV1-3*01_F_V-REGION_281nt,256,chr10,25088705,,255,89M6D112M1I79M,TRDV1-9,,286,F,,
TRAV8-3*01_P_V-REGION_281nt,256,chr10,25099399,,255,20M1D36M1I127M1I96M,TRAV8-3,,280,P,stop codon in v-region,
TRAV22-7*02_F_V-REGION_264nt,256,chr10,25100346,,255,162M1I4M2D97M,TRAV22-7,,265,P,stop codon in v-region,
TRDV1S29*01_F_V-REGION_293nt,256,chr10,25111793,,255,16M1D4M1I7M1I3M3I5M1I36M1D2M2I25M2I185M,TRDV1-8,,285,P,stop codon in v-region,
TRAV4*01_P_V-REGION_277nt,256,chr10,25119235,,255,36M3I1M1I236M,TRAV4-2,,273,P,stop codon in v-region,
TRAV5*01_F_V-REGION_280nt,256,chr10,25138298,,255,38M1I5M1I50M2I72M3I22M1I85M,TRAV5-1,,272,P,stop codon in v-region,
TRAV6*01_P_V-REGION_277nt,256,chr10,25147401,,255,27M1D140M1I14M1I94M,TRAV6-1,,276,P,stop codon in v-region,
TRAV12-2*02_F_V-REGION_278nt,16,chr10,25169861,24869997,30,278M,TRAV12-2,TRAV12-2,278,F,,post gap2
TRAV11-2*01_P_V-REGION_924nt,272,chr10,25182251,24882387,255,413M1D216M3I292M,TRAV11-2,TRAV11-2,922,P,several STOP-CODON in V-REGION,
TRAV10-2*01_P_V-REGION_277nt,16,chr10,25184409,24884545,30,277M,TRAV10-2,TRAV10-2,277,F,,
TRAV9-2*01_P_V-REGION_280nt,272,chr10,25189445,24889581,255,280M,TRAV9-3,TRAV9-3,280,P,STOP-CODON in V-REGION,
TRAV14-3*01_F_V-REGION_290nt,272,chr10,25197714,24897850,255,290M,TRAV14-2,TRAV14-2,290,F,,
TRAV13-3*02_P_V-REGION_278nt,272,chr10,25201961,24902097,255,223M2D55M,TRAV13-2,TRAV13-2,280,F,,
TRAV43-1*01_F_V-REGION_271nt,272,chr10,25208640,24908776,255,271M,TRAV43-1,TRAV43-1,271,F,,
TRAV9-3*01_F_V-REGION_281nt,272,chr10,25212615,24912751,255,281M,TRAV9-2,TRAV9-2,281,F,"spcae 26nt, and canonical V-NONAMER",
TRAV14-2*01_P_V-REGION_289nt,272,chr10,25232145,24932281,255,289M,TRAV14-1,TRAV14-1,289,P,STOP-CODON in V-REGION,
TRAV22-14*01_F_V-REGION_270nt,16,chr10,25241055,24941191,30,270M,TRAV22-6,TRAV22-6,270,F,,
TRAV24-5*01_P_V-REGION_268nt,272,chr10,25246383,24946519,255,268M,TRAV24-2,TRAV24-2,268,P,STOP-CODON in V-REGION,
TRDV1-16*01_F_V-REGION_293nt,272,chr10,25258848,24958984,255,293M,TRDV1-7,TRDV1-7,293,F,,
TRAV23-12*02_P_V-REGION_296nt,16,chr10,25263577,24963713,12,194M3I99M,TRAV23-2,TRAV23-2,293,P,STOP-CODON in V-REGION; noncanonical V-NONAMER; no L-PART,
TRAV22-13*01_P_V-REGION_270nt,272,chr10,25268877,24969013,255,270M,TRAV22-5,TRAV22-5,270,ORF,no ACCEPT SPLICE SITE,
TRAV24-6*02_P_V-REGION_244nt,16,chr10,25273508,24973644,11,244M,TRAV24-1,TRAV24-1,244,P,STOP-CODON in V-REGION,
TRDV1-2*01_F_V-REGION_293nt,272,chr10,25278816,24978952,255,293M,TRDV1-6,TRDV1-6,293,F,,
TRAV22-16*01_F_V-REGION_270nt,16,chr10,25285412,24985548,11,270M,TRAV22-4,TRAV22-4,270,F,,
TRAV44-1*01_F_V-REGION_277nt,272,chr10,25288430,24988566,255,277M,TRAV44-3,TRAV44-3,277,F,1st-CYS in 22,
TRAV25-4*01_F_V-REGION_273nt,272,chr10,25295457,24995593,255,273M,TRAV25-2,TRAV25-2,273,ORF,noncanonical V-NONAMER,
TRDV1-33*01_F_V-REGION_293nt,272,chr10,25302501,25002637,255,293M,TRDV1-5,TRDV1-5,293,F,,
TRAV45-14*02_F_V-REGION_284nt,272,chr10,25327903,25028039,255,284M,TRAV45-6,TRAV45-6,284,P,stop codon in L-PART1,
TRAV45-14*02_F_V-REGION_284nt,272,chr10,25339431,25039567,255,284M,TRAV45-5,TRAV45-5,284,P,STOP-CODON in V-REGION,
TRAV45-3*01_F_V-REGION_284nt,272,chr10,25345457,25045593,255,284M,TRAV45-4,TRAV45-4,284,F,,
TRAV45-4*01_F_V-REGION_284nt,272,chr10,25357304,25057440,255,284M,TRAV45-3,TRAV45-3,284,P,non INIT-CODON,
TRAV18-4*01_F_V-REGION_281nt,272,chr10,25361428,25061564,255,281M,TRAV18-1,TRAV18-1,281,F,,
TRAV17-1*01_P_V-REGION_277nt,16,chr10,25374481,25074617,12,277M,TRAV17-1,TRAV17-1,277,P,STOP-CODON in V-REGION,
TRAV16*01_F_V-REGION_272nt,16,chr10,25380549,25080685,12,272M,TRAV16-1,TRAV16-1,272,F,,
TRAV12-1*01_F_V-REGION_277nt,16,chr10,25393641,25093777,31,277M,TRAV12-1,TRAV12-1,277,F,,
TRAV11-3*01_P_V-REGION_279nt,272,chr10,25406271,25106407,255,279M,TRAV11-1,TRAV11-1,299,ORF,noncanonical V-HEPTAMER,
TRAV10-1*01_P_V-REGION_189nt,272,chr10,25407568,25107704,255,189M,TRAV10-1,TRAV10-1,189,ORF,noncanonical V-HEPTAMER; no DONOR SPLICE SITE,
TRAV13-4*01_F_V-REGION_277nt,272,chr10,25413110,25113246,255,277M,TRAV13-1,TRAV13-1,277,F,1st-CYS in 22,
TRAV9-1*01_F_V-REGION_281nt,272,chr10,25417813,25117949,255,281M,TRAV9-1,TRAV9-1,281,F,,
TRAV4*01_P_V-REGION_277nt,16,chr10,25427242,25127378,32,277M,TRAV4-1,TRAV4-1,277,P,STOP-CODON in V-REGION,
TRDV1-15*01_F_V-REGION_293nt,272,chr10,25432943,25133079,255,293M,TRDV1-4,TRDV1-4,293,F,,
TRAV22-11*01_F_V-REGION_270nt,272,chr10,25464420,25164556,255,270M,TRAV22-3,TRAV22-3,270,F,,
TRAV8-2*01_P_V-REGION_280nt,16,chr10,25465359,25165495,11,175M1I104M,TRAV8-2,TRAV8-2,279,P,STOP-CODON in V-REGION,
TRDV1-3*01_F_V-REGION_281nt,272,chr10,25476444,25176580,255,188M6D93M,TRDV1-3,TRDV1-3,287,F,,
TRAV44-1*01_F_V-REGION_277nt,272,chr10,25486534,25186670,255,277M,TRAV44-2,TRAV44-2,277,P,STOP-CODON in V-REGION,
TRDV1-2*01_F_V-REGION_293nt,16,chr10,25517965,25218101,15,293M,TRDV1-2,TRDV1-2,293,F,,
TRAV22-13*01_P_V-REGION_270nt,272,chr10,25524597,25224733,255,270M,TRAV22-2,TRAV22-2,270,F,,
TRAV44-10*01_F_V-REGION_277nt,272,chr10,25527612,25227748,255,277M,TRAV44-1,TRAV44-1,277,F,,
TRAV25-1*01_F_V-REGION_274nt,16,chr10,25541244,25241380,21,228M3I43M,TRAV25-1,TRAV25-1,271,ORF,canonical V-HEPTAMER,
TRDV1-33*01_F_V-REGION_293nt,272,chr10,25562586,25262722,255,293M,TRDV1-1,TRDV1-1,293,F,,
TRAV23-8*01_P_V-REGION_280nt,272,chr10,25569049,25269185,255,280M,TRAV23-1,TRAV23-1,280,F,L-PART2 32nt,
TRAV22-1*01_F_V-REGION_270nt,16,chr10,25578041,25278177,6,270M,TRAV22-1,TRAV22-1,270,ORF,noncanonical V-NONAMER,
TRAV8-1*01_F_V-REGION_284nt,272,chr10,25582435,25282571,255,284M,TRAV8-1,TRAV8-1,284,F,,
TRAV21-1*01_ORF_V-REGION_279nt,16,chr10,25590954,25291090,32,279M,TRAV21-1,TRAV21-1,279,ORF,frameshift in L-PART2,
TRAV20-1*02_F_V-REGION_268nt,272,chr10,25598982,25299118,255,268M,TRAV20-1,TRAV20-1,268,F,,
TRAV19-3*01_P_V-REGION_288nt,272,chr10,25607224,25307360,255,288M,TRAV19-1,TRAV19-1,288,F,,
TRAV45-14*02_F_V-REGION_284nt,272,chr10,25609420,25309556,255,284M,TRAV45-2,TRAV45-2,284,F,,
TRAV45-14*02_F_V-REGION_284nt,272,chr10,25617932,25318068,255,284M,TRAV45-1,TRAV45-1,284,P,STOP-CODON in V-REGION,
TRAV3-1*01_F_V-REGION_284nt,272,chr10,25638060,25338196,255,284M,TRAV3-7,TRAV3-7,284,F,,
TRAV2-1*01_ORF_V-REGION_263nt,272,chr10,25643394,25343530,255,263M,TRAV2-7,TRAV2-7,263,F,1st-CYS in 22,
TRAV3-1*01_F_V-REGION_284nt,272,chr10,25663186,25363322,255,284M,TRAV3-6,TRAV3-6,284,F,,
TRAV2-1*01_ORF_V-REGION_263nt,272,chr10,25672269,25372405,255,263M,TRAV2-6,TRAV2-6,263,F,1st-CYS in 22,
TRAV3-1*01_F_V-REGION_284nt,272,chr10,25690742,25390878,255,284M,TRAV3-5,TRAV3-5,284,F,,
TRAV2-1*01_ORF_V-REGION_263nt,272,chr10,25697739,25397875,255,263M,TRAV2-5,TRAV2-5,263,F,1st-CYS in 22,
TRAV3-1*01_F_V-REGION_284nt,272,chr10,25712732,25412868,255,284M,TRAV3-4,TRAV3-4,284,F,,
TRAV2-4*01_P_V-REGION_262nt,16,chr10,25719804,25419940,34,262M,TRAV2-4,TRAV2-4,262,P,STOP-CODON in V-REGION,
TRAV3-1*01_F_V-REGION_284nt,272,chr10,25731539,25431675,255,284M,TRAV3-3,TRAV3-3,284,F,,
TRAV2-3*01_P_V-REGION_262nt,16,chr10,25738832,25438968,36,262M,TRAV2-3,TRAV2-3,262,P,STOP-CODON in V-REGION,
TRAV3-1*01_F_V-REGION_284nt,272,chr10,25753514,25453650,255,284M,TRAV3-2,TRAV3-2,284,F,,
TRAV2-2*01_F_V-REGION_263nt,16,chr10,25760338,25460474,30,263M,TRAV2-2,TRAV2-2,263,F,1st-CYS in 22,
TRAV3-1*01_F_V-REGION_284nt,16,chr10,25770685,25470821,32,284M,TRAV3-1,TRAV3-1,284,F,,
TRAV2-2*01_F_V-REGION_263nt,272,chr10,25777706,25477842,255,263M,TRAV2-1,TRAV2-1,263,F,1st-CYS in 22,
TRAV1*01_F_V-REGION_275nt,16,chr10,25851554,25551690,255,275M,TRAV1,TRAV1,275,F,1st-CYS in 22,
