gene,flag,template,start,mapq,cigar,annotation,length,functionality,causes
TRBV1*01_F_V-REGION_287nt,0,chr04,105460692,255,287M,TRBV1,,F,
TRBVA*01_P_V-REGION_143nt,0,chr04,105531477,255,143M,TRBVA,,P,truncated pseudogene not assigned to subgroups with functional genes
TRBV3*01_F_V-REGION_287nt,0,chr04,105537614,255,287M,TRBV3,,F,
TRBV4*01_F_V-REGION_287nt,0,chr04,105541889,31,287M,TRBV4-1,,F,
TRBV2*01_P_V-REGION_289nt,0,chr04,105544554,37,289M,TRBV2-1,,P, frameshift in V-REGION: deletion of 1 nt in FR1-IMGT
TRBV5-1*01_P_V-REGION_292nt,0,chr04,105552059,21,62M1D86M1D144M,TRBV5-1,,P,"frameshifts in V-REGION: several insertions and deletions, no V-NONAMER"
TRBV5-2*01_F_V-REGION_287nt,0,chr04,105558503,18,287M,TRBV5-2,,F,
TRBV6-1*01_ORF_V-REGION_287nt,0,chr04,105568813,6,287M,TRBV6-1,,ORF, noncanonical V-NONAMER: gcaaaaagg instead of gcacaaacc
TRBV5-3*01_F_V-REGION_287nt,256,chr04,105572732,255,287M,TRBV5-3,,F,
TRBV6-2*01_F_V-REGION_287nt,0,chr04,105576615,17,287M,TRBV6-2,,F,
TRBV5-4*01_P_V-REGION_286nt,256,chr04,105578906,255,58M1D228M,TRBV5-4,,F,
TRBV6-3*01_P_V-REGION_288nt,0,chr04,105580568,11,235M1I52M,TRBV6-3,,P,STOP-CODON in V-REGION
TRBV5-4*01_P_V-REGION_286nt,256,chr04,105582833,255,59M1D227M,TRBV5-5,,ORF,noncanonical DONOR-SPLICE
TRBV6-13*01_F_V-REGION_287nt,256,chr04,105585020,255,17M1I209M1I59M,TRBV6-4,,P,frameshift in V-REGION
TRBV6-13*01_F_V-REGION_287nt,256,chr04,105588159,255,287M,TRBV6-5,,P,NO ATG in L1
TRBV5-4*01_P_V-REGION_286nt,256,chr04,105590369,255,59M1D227M,TRBV5-6,,F,
TRBV6-10*01_P_V-REGION_286nt,256,chr04,105592186,255,286M,TRBV6-6,,F,
TRBV5-8*01_P_V-REGION_284nt,256,chr04,105594086,255,7M1I11M1D265M,TRBV5-7,,P, frameshifts in V-REGION: several insertions and deletions
TRBV6-11*01_F_V-REGION_287nt,256,chr04,105595971,255,287M,TRBV6-7,,F,
TRBV6-2*01_F_V-REGION_287nt,256,chr04,105597373,255,287M,TRBV6-8,,F,HEPTAMER CACGGCG
TRBV6-1*01_ORF_V-REGION_287nt,256,chr04,105600663,255,287M,TRBV6-9,,ORF, noncanonical V-NONAMER: gcaaaaagg instead of gcacaaacc
TRBV5-3*01_F_V-REGION_287nt,256,chr04,105604440,255,287M,TRBV5-8,,F,
TRBV6-19*01_F_V-REGION_287nt,256,chr04,105608326,255,287M,TRBV6-10,,F,
TRBV5-4*01_P_V-REGION_286nt,256,chr04,105610606,255,58M1D228M,TRBV5-9,,F,
TRBV6-3*01_P_V-REGION_288nt,256,chr04,105612268,255,193M1I11M1I30M1D52M,TRBV6-11,,P,stopcodon in V region
TRBV5-4*01_P_V-REGION_286nt,256,chr04,105618623,255,59M1D227M,TRBV5-10,,F,
TRBV5-4*01_P_V-REGION_286nt,256,chr04,105623060,255,59M1D227M,TRBV5-11,,F,
TRBV6-10*01_P_V-REGION_286nt,256,chr04,105624874,255,286M,TRBV6-12,,F,HEPTAMER CACGGCG
TRBV6-3*01_P_V-REGION_288nt,256,chr04,105627246,255,233M1I54M,TRBV6-13,,ORF,noncanonical V-HEPTAMER: catggcg(catggtg) instead of cacagtg
TRBV5-20*01_F_V-REGION_287nt,256,chr04,105629661,255,287M,TRBV5-12,,F,
TRBV5-11*01_F_V-REGION_287nt,256,chr04,105634544,255,287M,TRBV5-13,,F,
TRBV4*01_F_V-REGION_287nt,256,chr04,105640598,255,287M,TRBV4-2,,F,
TRBV2*01_P_V-REGION_289nt,256,chr04,105643163,255,289M,TRBV2-2,,P,stop codon in V
TRBV5-1*01_P_V-REGION_292nt,256,chr04,105650681,255,63M1D24M1D59M2I144M,TRBV5-14,,P,stop codon in V
TRBV5-2*01_F_V-REGION_287nt,256,chr04,105657084,255,287M,TRBV5-15,,F,
TRBV6-1*01_ORF_V-REGION_287nt,256,chr04,105661938,255,287M,TRBV6-14,,ORF, noncanonical V-NONAMER: gcaaaaagg instead of gcacaaacc
TRBV5-3*01_F_V-REGION_287nt,0,chr04,105665715,12,287M,TRBV5-16,,F,
TRBV6-2*01_F_V-REGION_287nt,256,chr04,105669605,255,287M,TRBV6-15,,F,heptamer CACGGTG
TRBV5-4*01_P_V-REGION_286nt,0,chr04,105671863,6,58M1D228M,TRBV5-17,,F,
TRBV6-3*01_P_V-REGION_288nt,256,chr04,105673524,255,110M5I1M3I114M1I12M1I41M,TRBV6-16,,P,stop codon in V
TRBV5-5*01_P_V-REGION_285nt,0,chr04,105675793,7,141M1D144M,TRBV5-18,,ORF,noncanonical ACCEPTOR-SPLICE
TRBV6-13*01_F_V-REGION_287nt,256,chr04,105677979,255,17M1I269M,TRBV6-17,,P,stop codon in V
TRBV6-13*01_F_V-REGION_287nt,256,chr04,105681110,255,267M1I19M,TRBV6-18,,P,no INIT-CODON
TRBV5-21*01_F_V-REGION_287nt,256,chr04,105683321,255,287M,TRBV5-19,,F,
TRBV5-7*01_F_V-REGION_287nt,256,chr04,105687750,255,68M1I218M,TRBV5-20,,P,stop codon in V
TRBV6-10*01_P_V-REGION_286nt,256,chr04,105689244,255,286M,TRBV6-19,,ORF,noncanonical V-HEPTAMER 
TRBV5-8*01_P_V-REGION_284nt,0,chr04,105691128,25,284M,TRBV5-21,,P,stop codon in L1，stop codon in V-region
TRBV6-17*01_ORF_V-REGION_287nt,256,chr04,105693021,255,130M1D157M,TRBV6-20,,P,stop codon in V
TRBV6-2*01_F_V-REGION_287nt,256,chr04,105694418,255,287M,TRBV6-21,,F,HEPTAMER CACGGCG
TRBV6-10*01_P_V-REGION_286nt,0,chr04,105697705,21,286M,TRBV6-22,,P,stop codon in V
TRBV5-9*01_P_V-REGION_285nt,0,chr04,105699453,37,285M,TRBV5-22,,P,stop codon in V
TRBV6-11*01_F_V-REGION_287nt,0,chr04,105701317,34,287M,TRBV6-23,,F,
TRBV5-20*01_F_V-REGION_287nt,256,chr04,105703553,255,287M,TRBV5-23,,F,
TRBV6-12*01_ORF_V-REGION_287nt,0,chr04,105707280,6,287M,TRBV6-24,,ORF,noncanonical DONOR-SPLICE: ngc instead of ngt
TRBV5-11*01_F_V-REGION_287nt,0,chr04,105709541,31,287M,TRBV5-24,,F,
TRBV6-13*01_F_V-REGION_287nt,0,chr04,105711369,34,287M,TRBV6-25,,F,
TRBV5-20*01_F_V-REGION_287nt,256,chr04,105713570,255,287M,TRBV5-25,,F,
TRBV6-14*01_ORF_V-REGION_287nt,0,chr04,105715405,255,287M,TRBV6-26,,ORF,noncanonical V-HEPTAMER: catggcg instead of cacagtg
TRBV6-10*01_P_V-REGION_286nt,256,chr04,105718682,255,286M,TRBV6-27,,F,
TRBV5-8*01_P_V-REGION_284nt,256,chr04,105720442,255,103M1I129M1D51M,TRBV5-26,,P,stop codon in V
TRBV6-11*01_F_V-REGION_287nt,256,chr04,105722313,255,287M,TRBV6-28,,F,HEPTAMER CACGGTG
TRBV5-20*01_F_V-REGION_287nt,256,chr04,105724550,255,287M,TRBV5-27,,F,
TRBV6-12*01_ORF_V-REGION_287nt,256,chr04,105728201,255,287M,TRBV6-29,,ORF,noncanonical DONOR-SPLICE: ngc instead of ngt
TRBV5-11*01_F_V-REGION_287nt,256,chr04,105730456,255,287M,TRBV5-28,,F,
TRBV5-21*01_F_V-REGION_287nt,256,chr04,105734427,255,287M,TRBV5-29,,F,
TRBV5-8*01_P_V-REGION_284nt,256,chr04,105742728,255,103M1I129M1D51M,TRBV5-30,,P,STOP CODON IN V
TRBV6-11*01_F_V-REGION_287nt,256,chr04,105744683,255,287M,TRBV6-30,,F,HEPTAMER CACGGTG
TRBV5-20*01_F_V-REGION_287nt,256,chr04,105746913,255,287M,TRBV5-31,,F,
TRBV6-23*01_P_V-REGION_281nt,0,chr04,105752242,255,281M,TRBV6-31,,P,stop codon in V
TRBV5-11*01_F_V-REGION_287nt,256,chr04,105754305,255,287M,TRBV5-32,,P,stop codon in V
TRBV6-13*01_F_V-REGION_287nt,256,chr04,105756152,255,287M,TRBV6-32,,F,HEPTAMER CACGGCG
TRBV6-10*01_P_V-REGION_286nt,256,chr04,105759299,255,286M,TRBV6-33,,F,HEPTAMER CACGGCG
TRBV5-8*01_P_V-REGION_284nt,256,chr04,105761067,255,24M1I90M1I117M1D51M,TRBV5-33,,P,STOP CODON IN V
TRBV6-11*01_F_V-REGION_287nt,256,chr04,105762949,255,287M,TRBV6-34,,F,HEPTAMER CACGGTG
TRBV5-20*01_F_V-REGION_287nt,0,chr04,105765181,2,287M,TRBV5-34,,F,
TRBV6-13*01_F_V-REGION_287nt,256,chr04,105767005,255,287M,TRBV6-35,,F,
TRBV5-21*01_F_V-REGION_287nt,0,chr04,105769292,34,287M,TRBV5-35,,F,
TRBV6-28*01_F_V-REGION_286nt,0,chr04,105771741,255,286M,TRBV6-36,,F,
TRBV7-1*01_F_V-REGION_290nt,0,chr04,105774659,255,290M,TRBV7-1,,F,
TRBV8*01_P_V-REGION_296nt,0,chr04,105779185,255,296M,TRBV8,,P,no INIT-CODON: Pro instead of Me
TRBV5-22*01_F_V-REGION_286nt,0,chr04,105791269,255,286M,TRBV5-36,,F,HEPTAMER CACAGCT
TRBV7-2*01_F_V-REGION_290nt,0,chr04,105796326,255,290M,TRBV7-2,,F,
TRBV13*01_P_V-REGION_281nt,0,chr04,105801370,255,281M,TRBV13,,P,STOP CODON IN V
TRBV10*01_P_V-REGION_286nt,0,chr04,105807868,255,286M,TRBV10,,P,STOP CODON IN V
TRBV11*01_P_V-REGION_289nt,0,chr04,105813733,255,289M,TRBV11,,P,STOP CODON IN V
TRBV12-2*01_F_V-REGION_290nt,256,chr04,105820694,255,6M6D284M,TRBV12-1,,F,
TRBV12-2*01_F_V-REGION_290nt,0,chr04,105835524,37,290M,TRBV12-2,,F,
TRBV14*01_F_V-REGION_290nt,0,chr04,105838012,255,290M,TRBV14,,F,
TRBV15*01_F_V-REGION_287nt,0,chr04,105840352,255,287M,TRBV15,,F,
TRBV16*01_P_V-REGION_287nt,0,chr04,105845079,255,287M,TRBV16,,P, no INIT-CODON: Thr instead of Met
TRBVB*01_P_V-REGION_81nt,0,chr04,105848948,255,81M,TRBVB,,P, truncated pseudogene not assigned to subgroups with functional genes
TRBV18-1*01_P_V-REGION_288nt,0,chr04,105856356,32,288M,TRBV18-1,,P,STOP CODON IN L1 AND V
TRBV19-1*01_F_V-REGION_287nt,0,chr04,105858191,30,287M,TRBV19-1,,F,
TRBV20-1*01_F_V-REGION_293nt,256,chr04,105861693,255,293M,TRBV20-1,,F,
TRBV21-1*01_P_V-REGION_290nt,0,chr04,105868721,30,290M,TRBV21-1,,P,STOP CODON IN V
TRBV21-1*01_P_V-REGION_290nt,256,chr04,105874122,255,117M3I32M1D4M1I133M,TRBV21-2,,F,
TRBV21-11*01_ORF_V-REGION_290nt,0,chr04,105884183,18,290M,TRBV21-3,,ORF,unexpected V-SPACER length: 19 nt instead of 23 nt
TRBV18-1*01_P_V-REGION_288nt,256,chr04,105889278,255,288M,TRBV18-2,,P,STOP CODON IN L1 AND V
TRBV19-1*01_F_V-REGION_287nt,256,chr04,105891122,255,287M,TRBV19-2,,F,
TRBV20-1*01_F_V-REGION_293nt,0,chr04,105894630,18,293M,TRBV20-2,,F,
TRBV21-1*01_P_V-REGION_290nt,256,chr04,105901650,255,290M,TRBV21-4,,P,STOP CODON IN V
TRBV21-1*01_P_V-REGION_290nt,256,chr04,105907046,255,117M3I32M1D4M1I133M,TRBV21-5,,F,
TRBV21-10*01_P_V-REGION_288nt,256,chr04,105917107,255,28M1I19M1D3M1D7M1D7M1I51M1I106M1I23M1D28M1D12M,TRBV21-6,,P, no INIT-CODON: Val instead of Met
TRBV18-1*01_P_V-REGION_288nt,256,chr04,105922217,255,288M,TRBV18-3,,P,STOP CODON IN L1 AND V
TRBV19-1*01_F_V-REGION_287nt,256,chr04,105924539,255,287M,TRBV19-3,,F,
TRBV20-1*01_F_V-REGION_293nt,256,chr04,105928046,255,293M,TRBV20-3,,F,
TRBV21-1*01_P_V-REGION_290nt,256,chr04,105935105,255,290M,TRBV21-7,,P,STOP CODON IN L1
TRBV21-11*01_ORF_V-REGION_290nt,256,chr04,105941825,255,290M,TRBV21-8,,F,nonamer CACAAACTC
TRBV21-3*01_P_V-REGION_289nt,256,chr04,105947014,255,5M4D219M1D65M,TRBV21-9,,F,NONAMER CACAAACTC
TRBV18-1*01_P_V-REGION_288nt,256,chr04,105952126,255,288M,TRBV18-4,,P,STOP CODON IN L1 AND V
TRBV19-1*01_F_V-REGION_287nt,256,chr04,105953956,255,287M,TRBV19-4,,P,STOP CODON IN V
TRBV20-1*01_F_V-REGION_293nt,256,chr04,105957452,255,293M,TRBV20-4,,F,
TRBV21-15*01_F_V-REGION_290nt,256,chr04,105964089,255,40M13I237M,TRBV21-10,,P,STOP CODON IN V
TRBV21-16*01_F_V-REGION_290nt,256,chr04,105974713,255,86M1I4M1D27M1I129M1I41M,TRBV21-11,,P,STOP CODON IN V
TRBV21-11*01_ORF_V-REGION_290nt,256,chr04,105978175,255,290M,TRBV21-12,,P,STOP CODON IN V
TRBV21-1*01_P_V-REGION_290nt,256,chr04,105983367,255,86M1I4M1D199M,TRBV21-13,,F,
TRBV18-1*01_P_V-REGION_288nt,256,chr04,105988458,255,288M,TRBV18-5,,P,STOP CODON IN L1 AND V
TRBV19-1*01_F_V-REGION_287nt,256,chr04,105990302,255,211M2I74M,TRBV19-5,,P,STOP CODON IN V
TRBV20-1*01_F_V-REGION_293nt,256,chr04,105993815,255,293M,TRBV20-5,,F,
TRBV21-1*01_P_V-REGION_290nt,256,chr04,106000917,255,290M,TRBV21-14,,P,frameshift in L1
TRBV21-12*01_F_V-REGION_287nt,256,chr04,106006305,255,86M1I5M1D27M3D168M,TRBV21-15,,F,HEPTAMER CACAAACTC
TRBV21-1*01_P_V-REGION_290nt,256,chr04,106015093,255,290M,TRBV21-16,,F,HEPTAMER CACAAACTC
TRBV21-3*01_P_V-REGION_289nt,256,chr04,106018419,255,5M4D219M1D65M,TRBV21-17,,F,HEPTAMER CACAAACTC
TRBV18-1*01_P_V-REGION_288nt,256,chr04,106023741,255,288M,TRBV18-6,,P,STOP CODON IN L1 AND V
TRBV19-1*01_F_V-REGION_287nt,256,chr04,106025572,255,287M,TRBV19-6,,P,STOP CODON IN V
TRBV20-1*01_F_V-REGION_293nt,256,chr04,106029070,255,293M,TRBV20-6,,F,
TRBV21-15*01_F_V-REGION_290nt,256,chr04,106035710,255,40M13I237M,TRBV21-18,,P,STOP CODON IN V
TRBV21-16*01_F_V-REGION_290nt,256,chr04,106046332,255,86M1I4M1D27M1I129M1I41M,TRBV21-19,,P,STOP CODON IN V
TRBV21-11*01_ORF_V-REGION_290nt,256,chr04,106049795,255,290M,TRBV21-20,,P,STOP CODON IN V
TRBV21-3*01_P_V-REGION_289nt,256,chr04,106054984,255,5M4D219M1D65M,TRBV21-21,,F,
TRBV19-1*01_F_V-REGION_287nt,256,chr04,106061001,255,287M,TRBV19-7,,F,
TRBV20-1*01_F_V-REGION_293nt,256,chr04,106064516,255,293M,TRBV20-7,,F,
TRBV21-1*01_P_V-REGION_290nt,256,chr04,106074146,255,290M,TRBV21-22,,P,frameshift in L1
TRBV21-12*01_F_V-REGION_287nt,256,chr04,106079536,255,86M1I5M1D27M3D168M,TRBV21-23,,F,
TRBV21-1*01_P_V-REGION_290nt,256,chr04,106086339,255,290M,TRBV21-24,,F,
TRBV21-11*01_ORF_V-REGION_290nt,256,chr04,106089789,255,290M,TRBV21-25,,P,frameshift in L1
TRBV21-3*01_P_V-REGION_289nt,256,chr04,106094572,255,5M4D219M1D65M,TRBV21-26,,F,
TRBV21-1*01_P_V-REGION_290nt,256,chr04,106103350,255,290M,TRBV21-27,,F,
TRBV22*01_F_V-REGION_281nt,0,chr04,106108132,255,281M,TRBV22,,F,
TRBV23*01_P_V-REGION_291nt,0,chr04,106110088,255,291M,TRBV23,,P,STOP CODON IN L1 AND V
TRBV24*01_P_V-REGION_287nt,0,chr04,106117384,255,287M,TRBV24,,P,NO INT-CODON IN L1
TRBV25*01_F_V-REGION_287nt,0,chr04,106123150,255,287M,TRBV25,,F,
TRBV26*01_F_V-REGION_287nt,0,chr04,106124844,255,287M,TRBV26,,F,
TRBV27*01_F_V-REGION_287nt,0,chr04,106132084,255,287M,TRBV27,,F,
TRBV28*01_F_V-REGION_287nt,0,chr04,106137970,255,287M,TRBV28,,F,
TRBV29-1*01_P_V-REGION_292nt,0,chr04,106143648,14,292M,TRBV29-1,,P,STOP CODON IN V
TRBV29-1*01_P_V-REGION_292nt,256,chr04,106146681,255,66M3I34M1D189M,TRBV29-2,,F,
TRBV29-1*01_P_V-REGION_292nt,256,chr04,106149151,255,66M3I34M1D189M,TRBV29-3,,F,
TRBV29-1*01_P_V-REGION_292nt,256,chr04,106151662,255,103M1D189M,TRBV29-4,,F,
TRBV29-1*01_P_V-REGION_292nt,256,chr04,106154135,255,103M1D189M,TRBV29-5,,F,
TRBV29-1*01_P_V-REGION_292nt,256,chr04,106156611,255,103M1D189M,TRBV29-6,,F,
TRBV29-1*01_P_V-REGION_292nt,256,chr04,106159097,255,66M3I34M1D189M,TRBV29-7,,P,STOP CODON IN V
TRBD1*01_F_D-REGION_13nt,256,chr04,106178904,255,13M,TRBD1,,F,
TRBJ1-1*01_F_J-REGION_48nt,0,chr04,106179569,255,48M,TRBJ1-1,,F,
TRBJ1-2*01_F_J-REGION_44nt,0,chr04,106179703,255,44M,TRBJ1-2,,F,
TRBJ1-3*01_ORF_J-REGION_63nt,0,chr04,106179993,255,63M,TRBJ1-3,,ORF,NONCANONICAL RS
TRBJ1-4*01_F_J-REGION_49nt,0,chr04,106180575,255,49M,TRBJ1-4,,F,
TRBJ1-5*01_ORF_J-REGION_50nt,0,chr04,106180849,255,50M,TRBJ1-5,,ORF,NONCANONICAL RS
TRBJ1-6*01_ORF_J-REGION_53nt,0,chr04,106181644,255,53M,TRBJ1-6,,ORF,NONCANONICAL RS
TRBC1*01_F_EX1_390nt,0,chr04,106184464,6,390M,TRBC1_EX1,,F,
TRBC1*01_F_EX2_18nt,0,chr04,106185521,1,18M,TRBC1_EX2,,F,
TRBC1*01_F_EX3_108nt,0,chr04,106185695,6,108M,TRBC1_EX3,,F,
TRBC1*01_F_EX4_18nt,256,chr04,106186127,255,18M,TRBC1_EX4,,F,
TRBD3*01_F_D-REGION_16nt,256,chr04,106189040,255,16M,TRBD3,,F,
TRBJ2-1*01_F_J-REGION_50nt,256,chr04,106189698,255,50M,TRBJ3-1,,F,
TRBJ2-2*01_F_J-REGION_51nt,256,chr04,106189894,255,51M,TRBJ3-2,,F,
TRBJ3-3*01_F_J-REGION_49nt,0,chr04,106190112,255,49M,TRBJ3-3,,F,
TRBJ3-4*01_F_J-REGION_48nt,0,chr04,106190230,255,48M,TRBJ3-4,,F,
TRBJ3-6*01_P_J-REGION_59nt,0,chr04,106190313,255,59M,TRBJ3-5,,P,
TRBJ3-5*01_F_J-REGION_47nt,0,chr04,106190516,255,47M,TRBJ3-6,,F,
TRBC1*01_F_EX1_390nt,256,chr04,106194296,255,390M,TRBC3_EX1,,F,
TRBC3*01_F_EX2_18nt,0,chr04,106195095,35,18M,TRBC3_EX2,,F,
TRBC1*01_F_EX3_108nt,256,chr04,106195274,255,108M,TRBC3_EX3,,F,
TRBC1*01_F_EX4_18nt,0,chr04,106195708,1,18M,TRBC3_EX4,,F,
TRBD2*01_F_D-REGION_16nt,0,chr04,106198398,35,16M,TRBD2,,F,
TRBJ2-1*01_F_J-REGION_50nt,0,chr04,106199413,3,50M,TRBJ2-1,,F,
TRBJ2-2*01_F_J-REGION_51nt,0,chr04,106199608,39,51M,TRBJ2-2,,F,
TRBJ2-3*01_F_J-REGION_49nt,0,chr04,106199828,255,49M,TRBJ2-3,,F,
TRBJ2-4*01_F_J-REGION_49nt,0,chr04,106199975,255,49M,TRBJ2-4,,F,
TRBJ2-5*01_F_J-REGION_46nt,0,chr04,106200094,255,46M,TRBJ2-5,,F,
TRBJ2-6*01_F_J-REGION_53nt,0,chr04,106200190,255,53M,TRBJ2-6,,F,
TRBJ2-7*01_F_J-REGION_47nt,0,chr04,106200422,255,47M,TRBJ2-7,,F,
TRBC1*01_F_EX1_390nt,256,chr04,106203137,255,390M,TRBC2_EX1,,F,
TRBC1*01_F_EX2_18nt,256,chr04,106204205,255,18M,TRBC2_EX2,,F,
TRBC1*01_F_EX3_108nt,256,chr04,106204377,255,108M,TRBC2_EX3,,F,
TRBC2*01_F_EX4_18nt,0,chr04,106204758,35,18M,TRBC2_EX4,,F,
TRBV30*01_F_V-REGION_284nt,16,chr04,106218422,255,284M,TRBV30,,F,